run,group,component,windows,observations,sample_counts,training_seed,F,P,A,gain,retention
9mau8hwi,Flow-GRPO,guidance,40,40,[80],42,0.0008628790875560989,0.0032908822991347658,0.0009781775322146471,3.813839443548704,0.2972386865588685
9mau8hwi,Flow-GRPO,reference_mse,39,39,[80],42,0.00043509467670810586,0.06337024659658638,0.025750945311147223,145.64702808143042,0.40635703179564986
4w87ez9o,DiffusionART,guidance,40,40,[80],42,0.00429978189710121,0.5528182582959739,0.1498905578656424,128.56890687145506,0.27113894234910085
4w87ez9o,DiffusionART,reference_mse,39,39,[80],42,0.0014461163576740344,0.39168007882145084,0.15782535670229117,270.8496288994599,0.4029445591850909
4w87ez9o,DiffusionART,restore,20,20,[80],42,0.00012618097303065026,0.05783001501625956,0.025922406746920555,458.31010513932426,0.4482517727106275
26rilzmp,NFT + EMA,guidance,18,18,[80],42,0.004079314191752747,0.1690414237942212,0.041688370227333904,41.438686957718666,0.24661629848836525
26rilzmp,NFT + EMA,restore,18,18,[80],42,0.0007647286376076755,0.10681120713642649,0.03978482205391291,139.67203774474476,0.3724779741801537
adnxitig,NFT: second update,guidance,20,20,[80],42,0.004596256658337027,0.2089464579559237,0.051652044513592774,45.46013712635505,0.24720229775078809
adnxitig,NFT: second update,restore,20,20,[80],42,0.0005672929601933818,0.07824947857454069,0.03274439898693317,137.93486622479256,0.41846156144977703
75pf0fok,Fast (partial),guidance,32,32,[24],42,0.00038258955568468687,0.0013295273565464179,0.00037672223331392896,3.4750748858449096,0.2833504940375978
75pf0fok,Fast (partial),reference_mse,32,32,[24],42,0.0006878614319762817,0.15105915978635404,0.06958092638314027,219.6069626295936,0.46062037205522627
