run,source_url,logged_step,rollout,window,microbatch,optimizer_step,component,training_seed,sample_count,valid,gain_valid,retention_valid,F,P,A,gain,retention,equal_state_gain,equal_state_valid_count,zero_force_count,control_seed,direction
bqrf8nn7,https://wandb.ai/vanzl3386-chinese-university-of-hong-kong-shenzhen/flow-grpo-algo/runs/bqrf8nn7,1,1,0,,1,restore_original,42,320,True,True,True,0.0016925882254826556,0.28711067822861,0.1459660889513847,169.62819066447065,0.5083965871696355,,,,,original
bqrf8nn7,https://wandb.ai/vanzl3386-chinese-university-of-hong-kong-shenzhen/flow-grpo-algo/runs/bqrf8nn7,2,2,0,,2,restore_original,42,320,True,True,True,0.0013242141856349495,0.2430028157094435,0.10776604303969033,183.50718361541016,0.44347651991220266,,,,,original
bqrf8nn7,https://wandb.ai/vanzl3386-chinese-university-of-hong-kong-shenzhen/flow-grpo-algo/runs/bqrf8nn7,3,3,0,,3,restore_original,42,320,True,True,True,0.0010916157037758943,0.17060077505092675,0.060122959639984,156.282814969425,0.3524190298785949,,,,,original
bqrf8nn7,https://wandb.ai/vanzl3386-chinese-university-of-hong-kong-shenzhen/flow-grpo-algo/runs/bqrf8nn7,4,4,0,,4,restore_original,42,320,True,True,True,0.0008319045335532839,0.11766409715272949,0.04123516645384761,141.4394229229105,0.350448160923071,,,,,original
bqrf8nn7,https://wandb.ai/vanzl3386-chinese-university-of-hong-kong-shenzhen/flow-grpo-algo/runs/bqrf8nn7,5,5,0,,5,restore_original,42,320,True,True,True,0.0009207124186532056,0.1313985653915711,0.04270484666366603,142.71401441915765,0.3250023813913378,,,,,original
bqrf8nn7,https://wandb.ai/vanzl3386-chinese-university-of-hong-kong-shenzhen/flow-grpo-algo/runs/bqrf8nn7,6,6,0,,6,restore_original,42,320,True,True,True,0.0009684878864521021,0.15480368368971992,0.057895125699954766,159.84059878830084,0.37399062037823727,,,,,original
bqrf8nn7,https://wandb.ai/vanzl3386-chinese-university-of-hong-kong-shenzhen/flow-grpo-algo/runs/bqrf8nn7,7,7,0,,7,restore_original,42,320,True,True,True,0.0007685766996952706,0.10096246022957633,0.026794338593752437,131.36289490639837,0.26538912119242514,,,,,original
bqrf8nn7,https://wandb.ai/vanzl3386-chinese-university-of-hong-kong-shenzhen/flow-grpo-algo/runs/bqrf8nn7,8,8,0,,8,restore_original,42,320,True,True,True,0.0006344490611167979,0.07942922140102492,0.015501653372746147,125.19400889522717,0.19516310369556414,,,,,original
bqrf8nn7,https://wandb.ai/vanzl3386-chinese-university-of-hong-kong-shenzhen/flow-grpo-algo/runs/bqrf8nn7,9,9,0,,9,restore_original,42,320,True,True,True,0.0006178002075564748,0.07148119069867367,0.016410807240467864,115.70276251831687,0.229582175115787,,,,,original
bqrf8nn7,https://wandb.ai/vanzl3386-chinese-university-of-hong-kong-shenzhen/flow-grpo-algo/runs/bqrf8nn7,10,10,0,,10,restore_original,42,320,True,True,True,0.0006497469847244789,0.09044195141479812,0.02156261150582302,139.19564621473305,0.23841382421006613,,,,,original
bqrf8nn7,https://wandb.ai/vanzl3386-chinese-university-of-hong-kong-shenzhen/flow-grpo-algo/runs/bqrf8nn7,11,11,0,,11,restore_original,42,320,True,True,True,0.0005500092638871657,0.06364863636589345,0.01219015502589974,115.72284422276742,0.19152264246201378,,,,,original
bqrf8nn7,https://wandb.ai/vanzl3386-chinese-university-of-hong-kong-shenzhen/flow-grpo-algo/runs/bqrf8nn7,12,12,0,,12,restore_original,42,320,True,True,True,0.0005485459547633726,0.06569421090561826,0.0108885581761812,119.76063324349353,0.16574608365148952,,,,,original
bqrf8nn7,https://wandb.ai/vanzl3386-chinese-university-of-hong-kong-shenzhen/flow-grpo-algo/runs/bqrf8nn7,13,13,0,,13,restore_original,42,320,True,True,True,0.0005459656142072073,0.060943800698049076,0.01119496118484931,111.62571252137396,0.1836931903921719,,,,,original
bqrf8nn7,https://wandb.ai/vanzl3386-chinese-university-of-hong-kong-shenzhen/flow-grpo-algo/runs/bqrf8nn7,14,14,0,,14,restore_original,42,320,True,True,True,0.0005629208802011174,0.060390137865103576,0.012972558514865359,107.27997484038558,0.21481253352729218,,,,,original
bqrf8nn7,https://wandb.ai/vanzl3386-chinese-university-of-hong-kong-shenzhen/flow-grpo-algo/runs/bqrf8nn7,15,15,0,,15,restore_original,42,320,True,True,True,0.0005271562335241705,0.06173065770689963,0.011950449243757943,117.10125723870291,0.19359018172946246,,,,,original
bqrf8nn7,https://wandb.ai/vanzl3386-chinese-university-of-hong-kong-shenzhen/flow-grpo-algo/runs/bqrf8nn7,16,16,0,,16,restore_original,42,320,True,True,True,0.0004964025506032875,0.05166622871371516,0.008965256509127514,104.08131193307568,0.1735225645905838,,,,,original
bqrf8nn7,https://wandb.ai/vanzl3386-chinese-university-of-hong-kong-shenzhen/flow-grpo-algo/runs/bqrf8nn7,17,17,0,,17,restore_original,42,320,True,True,True,0.0004716263532041563,0.05099955217691467,0.008163265122160956,108.13550139942694,0.1600654275128345,,,,,original
bqrf8nn7,https://wandb.ai/vanzl3386-chinese-university-of-hong-kong-shenzhen/flow-grpo-algo/runs/bqrf8nn7,18,18,0,,18,restore_original,42,320,True,True,True,0.0004584377865072536,0.05110194876340646,0.00978320194337528,111.46975722211306,0.191444791835041,,,,,original
bqrf8nn7,https://wandb.ai/vanzl3386-chinese-university-of-hong-kong-shenzhen/flow-grpo-algo/runs/bqrf8nn7,19,19,0,,19,restore_original,42,320,True,True,True,0.0004551392934551428,0.04414090954892892,0.007308833172516805,96.98329760508652,0.16557957792906772,,,,,original
bqrf8nn7,https://wandb.ai/vanzl3386-chinese-university-of-hong-kong-shenzhen/flow-grpo-algo/runs/bqrf8nn7,1,1,0,,1,restore_permuted_seed_314159,42,320,True,True,True,0.0016925882254655831,0.21190671403136352,0.1358614257197765,125.19684991491299,0.641137900423807,,,,314159,permuted
bqrf8nn7,https://wandb.ai/vanzl3386-chinese-university-of-hong-kong-shenzhen/flow-grpo-algo/runs/bqrf8nn7,1,1,0,,1,restore_permuted_seed_271828,42,320,True,True,True,0.0016925882254212065,0.21302532933694476,0.13639766156663044,125.8577403159783,0.6402884670624712,,,,271828,permuted
bqrf8nn7,https://wandb.ai/vanzl3386-chinese-university-of-hong-kong-shenzhen/flow-grpo-algo/runs/bqrf8nn7,1,1,0,,1,restore_permuted_seed_161803,42,320,True,True,True,0.0016925882255973458,0.21267587216997202,0.1360022363444944,125.65127711136876,0.6394812677001765,,,,161803,permuted
bqrf8nn7,https://wandb.ai/vanzl3386-chinese-university-of-hong-kong-shenzhen/flow-grpo-algo/runs/bqrf8nn7,2,2,0,,2,restore_permuted_seed_314159,42,320,True,True,True,0.0013242141860567136,0.16279979705382824,0.09526437532493297,122.94068343929962,0.5851627400581751,,,,314159,permuted
bqrf8nn7,https://wandb.ai/vanzl3386-chinese-university-of-hong-kong-shenzhen/flow-grpo-algo/runs/bqrf8nn7,2,2,0,,2,restore_permuted_seed_271828,42,320,True,True,True,0.0013242141862716212,0.16089476609625697,0.09530789469115253,121.50207101259255,0.5923616846189613,,,,271828,permuted
bqrf8nn7,https://wandb.ai/vanzl3386-chinese-university-of-hong-kong-shenzhen/flow-grpo-algo/runs/bqrf8nn7,2,2,0,,2,restore_permuted_seed_161803,42,320,True,True,True,0.0013242141860104317,0.16386995049710668,0.09406884616679567,123.74882570229147,0.574045734934524,,,,161803,permuted
bqrf8nn7,https://wandb.ai/vanzl3386-chinese-university-of-hong-kong-shenzhen/flow-grpo-algo/runs/bqrf8nn7,3,3,0,,3,restore_permuted_seed_314159,42,320,True,True,True,0.001091615704902438,0.09036837414016992,0.051577265904449957,82.78405462135275,0.5707446481713694,,,,314159,permuted
bqrf8nn7,https://wandb.ai/vanzl3386-chinese-university-of-hong-kong-shenzhen/flow-grpo-algo/runs/bqrf8nn7,3,3,0,,3,restore_permuted_seed_271828,42,320,True,True,True,0.0010916157039805713,0.09012780419905236,0.05150880002448913,82.56367499148443,0.5715084316348041,,,,271828,permuted
bqrf8nn7,https://wandb.ai/vanzl3386-chinese-university-of-hong-kong-shenzhen/flow-grpo-algo/runs/bqrf8nn7,3,3,0,,3,restore_permuted_seed_161803,42,320,True,True,True,0.0010916157038305474,0.08962927697295167,0.051411234200765786,82.10698752174136,0.5735986715175743,,,,161803,permuted
bqrf8nn7,https://wandb.ai/vanzl3386-chinese-university-of-hong-kong-shenzhen/flow-grpo-algo/runs/bqrf8nn7,4,4,0,,4,restore_permuted_seed_314159,42,320,True,True,True,0.000831904534106177,0.067815170122311,0.036515454698652715,81.51797152442936,0.5384555495885902,,,,314159,permuted
bqrf8nn7,https://wandb.ai/vanzl3386-chinese-university-of-hong-kong-shenzhen/flow-grpo-algo/runs/bqrf8nn7,4,4,0,,4,restore_permuted_seed_271828,42,320,True,True,True,0.0008319045334721952,0.06699861651221914,0.036214955568538265,80.53642433294713,0.540532886405698,,,,271828,permuted
bqrf8nn7,https://wandb.ai/vanzl3386-chinese-university-of-hong-kong-shenzhen/flow-grpo-algo/runs/bqrf8nn7,4,4,0,,4,restore_permuted_seed_161803,42,320,True,True,True,0.0008319045340578165,0.06667232401686125,0.03593588937979437,80.14420079146677,0.5389926016484182,,,,161803,permuted
bqrf8nn7,https://wandb.ai/vanzl3386-chinese-university-of-hong-kong-shenzhen/flow-grpo-algo/runs/bqrf8nn7,5,5,0,,5,restore_permuted_seed_314159,42,320,True,True,True,0.0009207124194601927,0.06853604875519101,0.03432961564368922,74.43806264215836,0.5008986696375468,,,,314159,permuted
bqrf8nn7,https://wandb.ai/vanzl3386-chinese-university-of-hong-kong-shenzhen/flow-grpo-algo/runs/bqrf8nn7,5,5,0,,5,restore_permuted_seed_271828,42,320,True,True,True,0.0009207124186135932,0.06903312208962324,0.03445839745834188,74.97794174816624,0.4991574539190879,,,,271828,permuted
bqrf8nn7,https://wandb.ai/vanzl3386-chinese-university-of-hong-kong-shenzhen/flow-grpo-algo/runs/bqrf8nn7,5,5,0,,5,restore_permuted_seed_161803,42,320,True,True,True,0.0009207124178896783,0.06857281684731231,0.034359732234371256,74.47799716276755,0.5010692839245378,,,,161803,permuted
bqrf8nn7,https://wandb.ai/vanzl3386-chinese-university-of-hong-kong-shenzhen/flow-grpo-algo/runs/bqrf8nn7,6,6,0,,6,restore_permuted_seed_314159,42,320,True,True,True,0.0009684878871123688,0.09715949644575907,0.049822014237577816,100.32081736762717,0.5127858424563965,,,,314159,permuted
bqrf8nn7,https://wandb.ai/vanzl3386-chinese-university-of-hong-kong-shenzhen/flow-grpo-algo/runs/bqrf8nn7,6,6,0,,6,restore_permuted_seed_271828,42,320,True,True,True,0.0009684878866921627,0.09715040335441125,0.04933573549884488,100.31142845392226,0.5078284165106838,,,,271828,permuted
bqrf8nn7,https://wandb.ai/vanzl3386-chinese-university-of-hong-kong-shenzhen/flow-grpo-algo/runs/bqrf8nn7,6,6,0,,6,restore_permuted_seed_161803,42,320,True,True,True,0.00096848788582691,0.09884202846185855,0.050742846433216304,102.05809479740233,0.5133731796368091,,,,161803,permuted
bqrf8nn7,https://wandb.ai/vanzl3386-chinese-university-of-hong-kong-shenzhen/flow-grpo-algo/runs/bqrf8nn7,7,7,0,,7,restore_permuted_seed_314159,42,320,True,True,True,0.0007685766997229179,0.05034768307376099,0.022745868926193347,65.50768855198446,0.4517758819779236,,,,314159,permuted
bqrf8nn7,https://wandb.ai/vanzl3386-chinese-university-of-hong-kong-shenzhen/flow-grpo-algo/runs/bqrf8nn7,7,7,0,,7,restore_permuted_seed_271828,42,320,True,True,True,0.0007685766991548219,0.0504588402847835,0.023037447709464486,65.65231595008201,0.45655919913030024,,,,271828,permuted
bqrf8nn7,https://wandb.ai/vanzl3386-chinese-university-of-hong-kong-shenzhen/flow-grpo-algo/runs/bqrf8nn7,7,7,0,,7,restore_permuted_seed_161803,42,320,True,True,True,0.0007685766993031742,0.05075793609778738,0.02329000959784773,66.04147138965673,0.4588446928373626,,,,161803,permuted
bqrf8nn7,https://wandb.ai/vanzl3386-chinese-university-of-hong-kong-shenzhen/flow-grpo-algo/runs/bqrf8nn7,8,8,0,,8,restore_permuted_seed_314159,42,320,True,True,True,0.0006344490615798302,0.026820842061572047,0.0077889112043645885,42.27422449768615,0.2904051702211194,,,,314159,permuted
bqrf8nn7,https://wandb.ai/vanzl3386-chinese-university-of-hong-kong-shenzhen/flow-grpo-algo/runs/bqrf8nn7,8,8,0,,8,restore_permuted_seed_271828,42,320,True,True,True,0.0006344490607843368,0.027871614055947902,0.007949491102478563,43.93042054706749,0.2852181824318177,,,,271828,permuted
bqrf8nn7,https://wandb.ai/vanzl3386-chinese-university-of-hong-kong-shenzhen/flow-grpo-algo/runs/bqrf8nn7,8,8,0,,8,restore_permuted_seed_161803,42,320,True,True,True,0.0006344490608251851,0.028123265266049323,0.008039799264986302,44.327065800162565,0.2858771621619637,,,,161803,permuted
bqrf8nn7,https://wandb.ai/vanzl3386-chinese-university-of-hong-kong-shenzhen/flow-grpo-algo/runs/bqrf8nn7,9,9,0,,9,restore_permuted_seed_314159,42,320,True,True,True,0.0006178002062669592,0.03473685576823654,0.012644939477493716,56.22668205006444,0.36402084177855487,,,,314159,permuted
bqrf8nn7,https://wandb.ai/vanzl3386-chinese-university-of-hong-kong-shenzhen/flow-grpo-algo/runs/bqrf8nn7,9,9,0,,9,restore_permuted_seed_271828,42,320,True,True,True,0.0006178002075029009,0.033887091320509224,0.012237244682860542,54.851213885922995,0.3611181782206928,,,,271828,permuted
bqrf8nn7,https://wandb.ai/vanzl3386-chinese-university-of-hong-kong-shenzhen/flow-grpo-algo/runs/bqrf8nn7,9,9,0,,9,restore_permuted_seed_161803,42,320,True,True,True,0.0006178002072370959,0.03329427688717854,0.01195591329097607,53.89165703921664,0.3590981516580177,,,,161803,permuted
bqrf8nn7,https://wandb.ai/vanzl3386-chinese-university-of-hong-kong-shenzhen/flow-grpo-algo/runs/bqrf8nn7,10,10,0,,10,restore_permuted_seed_314159,42,320,True,True,True,0.0006497469846821828,0.04111138822152195,0.016025207344174196,63.272918829521274,0.3897997133501064,,,,314159,permuted
bqrf8nn7,https://wandb.ai/vanzl3386-chinese-university-of-hong-kong-shenzhen/flow-grpo-algo/runs/bqrf8nn7,10,10,0,,10,restore_permuted_seed_271828,42,320,True,True,True,0.0006497469849857682,0.041409672772351504,0.015896710253139806,63.73199680681631,0.38388881603898484,,,,271828,permuted
bqrf8nn7,https://wandb.ai/vanzl3386-chinese-university-of-hong-kong-shenzhen/flow-grpo-algo/runs/bqrf8nn7,10,10,0,,10,restore_permuted_seed_161803,42,320,True,True,True,0.0006497469855337251,0.042357534695906605,0.016401599167108667,65.1908137151458,0.38721798340859775,,,,161803,permuted
bqrf8nn7,https://wandb.ai/vanzl3386-chinese-university-of-hong-kong-shenzhen/flow-grpo-algo/runs/bqrf8nn7,11,11,0,,11,restore_permuted_seed_314159,42,320,True,True,True,0.0005500092631077161,0.023688676990657055,0.008146686599099732,43.06959642244746,0.34390635670843206,,,,314159,permuted
bqrf8nn7,https://wandb.ai/vanzl3386-chinese-university-of-hong-kong-shenzhen/flow-grpo-algo/runs/bqrf8nn7,11,11,0,,11,restore_permuted_seed_271828,42,320,True,True,True,0.0005500092632492005,0.023796648563397946,0.008206543221337667,43.265905055522786,0.34486130261049863,,,,271828,permuted
bqrf8nn7,https://wandb.ai/vanzl3386-chinese-university-of-hong-kong-shenzhen/flow-grpo-algo/runs/bqrf8nn7,11,11,0,,11,restore_permuted_seed_161803,42,320,True,True,True,0.0005500092649254879,0.02419093345518527,0.00820562914978586,43.98277446919466,0.33920266718881004,,,,161803,permuted
bqrf8nn7,https://wandb.ai/vanzl3386-chinese-university-of-hong-kong-shenzhen/flow-grpo-algo/runs/bqrf8nn7,12,12,0,,12,restore_permuted_seed_314159,42,320,True,True,True,0.0005485459551891941,0.020588746753893834,0.004025744218895979,37.5333124948351,0.19553129032171968,,,,314159,permuted
bqrf8nn7,https://wandb.ai/vanzl3386-chinese-university-of-hong-kong-shenzhen/flow-grpo-algo/runs/bqrf8nn7,12,12,0,,12,restore_permuted_seed_271828,42,320,True,True,True,0.0005485459550807042,0.021772207840410108,0.004360328703145932,39.69076362473022,0.20027039678782524,,,,271828,permuted
bqrf8nn7,https://wandb.ai/vanzl3386-chinese-university-of-hong-kong-shenzhen/flow-grpo-algo/runs/bqrf8nn7,12,12,0,,12,restore_permuted_seed_161803,42,320,True,True,True,0.0005485459550970377,0.02084206011837568,0.00442730062473338,37.99510309886201,0.21242144968337326,,,,161803,permuted
bqrf8nn7,https://wandb.ai/vanzl3386-chinese-university-of-hong-kong-shenzhen/flow-grpo-algo/runs/bqrf8nn7,13,13,0,,13,restore_permuted_seed_314159,42,320,True,True,True,0.0005459656135718821,0.022064132825816367,0.005937376021790495,40.4130448462967,0.2690962780482996,,,,314159,permuted
bqrf8nn7,https://wandb.ai/vanzl3386-chinese-university-of-hong-kong-shenzhen/flow-grpo-algo/runs/bqrf8nn7,13,13,0,,13,restore_permuted_seed_271828,42,320,True,True,True,0.0005459656144598644,0.02234161799883286,0.005922584443686072,40.921291391099615,0.265092010972324,,,,271828,permuted
bqrf8nn7,https://wandb.ai/vanzl3386-chinese-university-of-hong-kong-shenzhen/flow-grpo-algo/runs/bqrf8nn7,13,13,0,,13,restore_permuted_seed_161803,42,320,True,True,True,0.0005459656144138973,0.022282743915156576,0.006044997136699244,40.81345661132424,0.27128603010993974,,,,161803,permuted
bqrf8nn7,https://wandb.ai/vanzl3386-chinese-university-of-hong-kong-shenzhen/flow-grpo-algo/runs/bqrf8nn7,14,14,0,,14,restore_permuted_seed_314159,42,320,True,True,True,0.0005629208804243986,0.028278149682783842,0.009645279434374987,50.23467891520441,0.3410859459537827,,,,314159,permuted
bqrf8nn7,https://wandb.ai/vanzl3386-chinese-university-of-hong-kong-shenzhen/flow-grpo-algo/runs/bqrf8nn7,14,14,0,,14,restore_permuted_seed_271828,42,320,True,True,True,0.0005629208802280495,0.02832958576177972,0.009719820302942401,50.32605248237175,0.3430978618845778,,,,271828,permuted
bqrf8nn7,https://wandb.ai/vanzl3386-chinese-university-of-hong-kong-shenzhen/flow-grpo-algo/runs/bqrf8nn7,14,14,0,,14,restore_permuted_seed_161803,42,320,True,True,True,0.00056292087950031,0.02867002022789385,0.009803875779661093,50.930816873134056,0.3419556631537578,,,,161803,permuted
bqrf8nn7,https://wandb.ai/vanzl3386-chinese-university-of-hong-kong-shenzhen/flow-grpo-algo/runs/bqrf8nn7,15,15,0,,15,restore_permuted_seed_314159,42,320,True,True,True,0.0005271562333094259,0.026481227210716596,0.008582231588511048,50.23411568989806,0.32408738160888306,,,,314159,permuted
bqrf8nn7,https://wandb.ai/vanzl3386-chinese-university-of-hong-kong-shenzhen/flow-grpo-algo/runs/bqrf8nn7,15,15,0,,15,restore_permuted_seed_271828,42,320,True,True,True,0.0005271562332161382,0.025757587389258502,0.008630813355172642,48.86139206229909,0.33507848482625696,,,,271828,permuted
bqrf8nn7,https://wandb.ai/vanzl3386-chinese-university-of-hong-kong-shenzhen/flow-grpo-algo/runs/bqrf8nn7,15,15,0,,15,restore_permuted_seed_161803,42,320,True,True,True,0.0005271562340798357,0.026859290608076358,0.00871568510018533,50.951290853953225,0.3244942402747077,,,,161803,permuted
bqrf8nn7,https://wandb.ai/vanzl3386-chinese-university-of-hong-kong-shenzhen/flow-grpo-algo/runs/bqrf8nn7,16,16,0,,16,restore_permuted_seed_314159,42,320,True,True,True,0.0004964025504436736,0.01937506169436432,0.006172111252062587,39.03094711549592,0.31855956638620087,,,,314159,permuted
bqrf8nn7,https://wandb.ai/vanzl3386-chinese-university-of-hong-kong-shenzhen/flow-grpo-algo/runs/bqrf8nn7,16,16,0,,16,restore_permuted_seed_271828,42,320,True,True,True,0.0004964025501725839,0.019333251434770753,0.006182914035273542,38.946720616260286,0.3198072531221315,,,,271828,permuted
bqrf8nn7,https://wandb.ai/vanzl3386-chinese-university-of-hong-kong-shenzhen/flow-grpo-algo/runs/bqrf8nn7,16,16,0,,16,restore_permuted_seed_161803,42,320,True,True,True,0.0004964025496747244,0.01915687448071792,0.00616010769339627,38.59141032468661,0.32156120768012747,,,,161803,permuted
bqrf8nn7,https://wandb.ai/vanzl3386-chinese-university-of-hong-kong-shenzhen/flow-grpo-algo/runs/bqrf8nn7,17,17,0,,17,restore_permuted_seed_314159,42,320,True,True,True,0.00047162635227272824,0.015963289484341593,0.003934835399784975,33.8473230077493,0.24649276727360356,,,,314159,permuted
bqrf8nn7,https://wandb.ai/vanzl3386-chinese-university-of-hong-kong-shenzhen/flow-grpo-algo/runs/bqrf8nn7,17,17,0,,17,restore_permuted_seed_271828,42,320,True,True,True,0.00047162635255642145,0.015952474139029508,0.00386145976803346,33.824390966620314,0.2420602430933248,,,,271828,permuted
bqrf8nn7,https://wandb.ai/vanzl3386-chinese-university-of-hong-kong-shenzhen/flow-grpo-algo/runs/bqrf8nn7,17,17,0,,17,restore_permuted_seed_161803,42,320,True,True,True,0.000471626352233644,0.015678501871603183,0.003868473559670919,33.24348140715437,0.24673744923789415,,,,161803,permuted
bqrf8nn7,https://wandb.ai/vanzl3386-chinese-university-of-hong-kong-shenzhen/flow-grpo-algo/runs/bqrf8nn7,18,18,0,,18,restore_permuted_seed_314159,42,320,True,True,True,0.00045843778668606575,0.01528511567418494,0.0035134380778375704,33.341744764709055,0.22986009087071696,,,,314159,permuted
bqrf8nn7,https://wandb.ai/vanzl3386-chinese-university-of-hong-kong-shenzhen/flow-grpo-algo/runs/bqrf8nn7,18,18,0,,18,restore_permuted_seed_271828,42,320,True,True,True,0.00045843778646893865,0.015070365434505203,0.003541755177874694,32.873305559262164,0.23501455178820474,,,,271828,permuted
bqrf8nn7,https://wandb.ai/vanzl3386-chinese-university-of-hong-kong-shenzhen/flow-grpo-algo/runs/bqrf8nn7,18,18,0,,18,restore_permuted_seed_161803,42,320,True,True,True,0.00045843778661382677,0.015401055254635459,0.003668281849109141,33.59464621883102,0.23818379899682846,,,,161803,permuted
bqrf8nn7,https://wandb.ai/vanzl3386-chinese-university-of-hong-kong-shenzhen/flow-grpo-algo/runs/bqrf8nn7,19,19,0,,19,restore_permuted_seed_314159,42,320,True,True,True,0.00045513929289377604,0.016032000379615517,0.004321910701856923,35.22438213955127,0.26958025196607266,,,,314159,permuted
bqrf8nn7,https://wandb.ai/vanzl3386-chinese-university-of-hong-kong-shenzhen/flow-grpo-algo/runs/bqrf8nn7,19,19,0,,19,restore_permuted_seed_271828,42,320,True,True,True,0.00045513929309632664,0.016282891452355112,0.004284859781276042,35.77562231900942,0.2631510376282888,,,,271828,permuted
bqrf8nn7,https://wandb.ai/vanzl3386-chinese-university-of-hong-kong-shenzhen/flow-grpo-algo/runs/bqrf8nn7,19,19,0,,19,restore_permuted_seed_161803,42,320,True,True,True,0.0004551392932851994,0.016280667460386228,0.004670318778079068,35.770735905643804,0.2868628567866021,,,,161803,permuted
bqrf8nn7,https://wandb.ai/vanzl3386-chinese-university-of-hong-kong-shenzhen/flow-grpo-algo/runs/bqrf8nn7,1,1,0,,1,restore_random_seed_314159,42,320,True,True,True,0.0016925882254849988,0.0057660113267720605,0.0010176444114515326,3.406623796594031,0.17649018598463842,,,,314159,random
bqrf8nn7,https://wandb.ai/vanzl3386-chinese-university-of-hong-kong-shenzhen/flow-grpo-algo/runs/bqrf8nn7,1,1,0,,1,restore_random_seed_271828,42,320,True,True,True,0.0016925882254933949,0.0060098843368403265,0.0008772204196958817,3.5507066906887093,0.1459629454627869,,,,271828,random
bqrf8nn7,https://wandb.ai/vanzl3386-chinese-university-of-hong-kong-shenzhen/flow-grpo-algo/runs/bqrf8nn7,1,1,0,,1,restore_random_seed_161803,42,320,True,True,True,0.0016925882254613003,0.005810499175667785,0.0008156661892101371,3.4329077139149917,0.14037798897310655,,,,161803,random
bqrf8nn7,https://wandb.ai/vanzl3386-chinese-university-of-hong-kong-shenzhen/flow-grpo-algo/runs/bqrf8nn7,2,2,0,,2,restore_random_seed_314159,42,320,True,True,True,0.0013242141856239433,0.004241883566923383,0.0007070232110595058,3.203321345575748,0.16667671328195038,,,,314159,random
bqrf8nn7,https://wandb.ai/vanzl3386-chinese-university-of-hong-kong-shenzhen/flow-grpo-algo/runs/bqrf8nn7,2,2,0,,2,restore_random_seed_271828,42,320,True,True,True,0.0013242141856614526,0.004427008413761832,0.0006035935948566841,3.343121121716813,0.13634344876787416,,,,271828,random
bqrf8nn7,https://wandb.ai/vanzl3386-chinese-university-of-hong-kong-shenzhen/flow-grpo-algo/runs/bqrf8nn7,2,2,0,,2,restore_random_seed_161803,42,320,True,True,True,0.0013242141856351238,0.004296348601603285,0.0005438358763774283,3.244451425010718,0.12658094740600961,,,,161803,random
bqrf8nn7,https://wandb.ai/vanzl3386-chinese-university-of-hong-kong-shenzhen/flow-grpo-algo/runs/bqrf8nn7,3,3,0,,3,restore_random_seed_314159,42,320,True,True,True,0.0010916157037855075,0.0034615806603614636,0.0005150234329817984,3.1710616184407994,0.14878273352960633,,,,314159,random
bqrf8nn7,https://wandb.ai/vanzl3386-chinese-university-of-hong-kong-shenzhen/flow-grpo-algo/runs/bqrf8nn7,3,3,0,,3,restore_random_seed_271828,42,320,True,True,True,0.0010916157037510553,0.0036620246421725073,0.0004784956690178794,3.3546829984113513,0.13066424062455528,,,,271828,random
bqrf8nn7,https://wandb.ai/vanzl3386-chinese-university-of-hong-kong-shenzhen/flow-grpo-algo/runs/bqrf8nn7,3,3,0,,3,restore_random_seed_161803,42,320,True,True,True,0.0010916157037701136,0.003542100905528843,0.0004674779978011467,3.2448240651865743,0.13197760602230818,,,,161803,random
bqrf8nn7,https://wandb.ai/vanzl3386-chinese-university-of-hong-kong-shenzhen/flow-grpo-algo/runs/bqrf8nn7,4,4,0,,4,restore_random_seed_314159,42,320,True,True,True,0.0008319045335495413,0.002565924543873826,0.0003526775212028833,3.084397837003759,0.13744656757148407,,,,314159,random
bqrf8nn7,https://wandb.ai/vanzl3386-chinese-university-of-hong-kong-shenzhen/flow-grpo-algo/runs/bqrf8nn7,4,4,0,,4,restore_random_seed_271828,42,320,True,True,True,0.0008319045335691151,0.002692392651105223,0.0003461341523982017,3.23642021705792,0.12856005689070432,,,,271828,random
bqrf8nn7,https://wandb.ai/vanzl3386-chinese-university-of-hong-kong-shenzhen/flow-grpo-algo/runs/bqrf8nn7,4,4,0,,4,restore_random_seed_161803,42,320,True,True,True,0.0008319045335562624,0.0025939124885382093,0.00034117251614264755,3.118041053881071,0.13152815202910495,,,,161803,random
bqrf8nn7,https://wandb.ai/vanzl3386-chinese-university-of-hong-kong-shenzhen/flow-grpo-algo/runs/bqrf8nn7,5,5,0,,5,restore_random_seed_314159,42,320,True,True,True,0.000920712418656482,0.0028602567054061977,0.00039038500670615184,3.10656905180005,0.13648600350041362,,,,314159,random
bqrf8nn7,https://wandb.ai/vanzl3386-chinese-university-of-hong-kong-shenzhen/flow-grpo-algo/runs/bqrf8nn7,5,5,0,,5,restore_random_seed_271828,42,320,True,True,True,0.0009207124186413101,0.0030366038685955927,0.00038801396814130604,3.298102433631439,0.1277789217599725,,,,271828,random
bqrf8nn7,https://wandb.ai/vanzl3386-chinese-university-of-hong-kong-shenzhen/flow-grpo-algo/runs/bqrf8nn7,5,5,0,,5,restore_random_seed_161803,42,320,True,True,True,0.0009207124186415547,0.0029979785002854703,0.0003715142465475438,3.2561508236293513,0.12392158466518952,,,,161803,random
bqrf8nn7,https://wandb.ai/vanzl3386-chinese-university-of-hong-kong-shenzhen/flow-grpo-algo/runs/bqrf8nn7,6,6,0,,6,restore_random_seed_314159,42,320,True,True,True,0.0009684878864400575,0.0028978776871955506,0.000408213653929954,2.992167199785527,0.14086641949509152,,,,314159,random
bqrf8nn7,https://wandb.ai/vanzl3386-chinese-university-of-hong-kong-shenzhen/flow-grpo-algo/runs/bqrf8nn7,6,6,0,,6,restore_random_seed_271828,42,320,True,True,True,0.0009684878864669059,0.003007580205735656,0.00039338670132206663,3.1054391570218445,0.13079840749445415,,,,271828,random
bqrf8nn7,https://wandb.ai/vanzl3386-chinese-university-of-hong-kong-shenzhen/flow-grpo-algo/runs/bqrf8nn7,6,6,0,,6,restore_random_seed_161803,42,320,True,True,True,0.0009684878864235716,0.0029245970127492653,0.00037982295584456114,3.0197559037616943,0.12987189489313908,,,,161803,random
bqrf8nn7,https://wandb.ai/vanzl3386-chinese-university-of-hong-kong-shenzhen/flow-grpo-algo/runs/bqrf8nn7,7,7,0,,7,restore_random_seed_314159,42,320,True,True,True,0.0007685766996968342,0.0022854374755404677,0.0003068766689666762,2.9735971392861122,0.13427480394934235,,,,314159,random
bqrf8nn7,https://wandb.ai/vanzl3386-chinese-university-of-hong-kong-shenzhen/flow-grpo-algo/runs/bqrf8nn7,7,7,0,,7,restore_random_seed_271828,42,320,True,True,True,0.0007685766996989779,0.0024539613263042004,0.0003112556664703146,3.1928645862739833,0.12683804880457616,,,,271828,random
bqrf8nn7,https://wandb.ai/vanzl3386-chinese-university-of-hong-kong-shenzhen/flow-grpo-algo/runs/bqrf8nn7,7,7,0,,7,restore_random_seed_161803,42,320,True,True,True,0.0007685766996893444,0.0023365655464139545,0.00029180347905339004,3.0401201953668187,0.1248856380259632,,,,161803,random
bqrf8nn7,https://wandb.ai/vanzl3386-chinese-university-of-hong-kong-shenzhen/flow-grpo-algo/runs/bqrf8nn7,8,8,0,,8,restore_random_seed_314159,42,320,True,True,True,0.0006344490611115557,0.002042662555502004,0.0002474116688515382,3.2195848031097345,0.1211221443234095,,,,314159,random
bqrf8nn7,https://wandb.ai/vanzl3386-chinese-university-of-hong-kong-shenzhen/flow-grpo-algo/runs/bqrf8nn7,8,8,0,,8,restore_random_seed_271828,42,320,True,True,True,0.0006344490611178867,0.002095300138444273,0.00024180895385139418,3.30255061730629,0.11540540155308417,,,,271828,random
bqrf8nn7,https://wandb.ai/vanzl3386-chinese-university-of-hong-kong-shenzhen/flow-grpo-algo/runs/bqrf8nn7,8,8,0,,8,restore_random_seed_161803,42,320,True,True,True,0.0006344490611244162,0.002064537450533156,0.00023715106879475825,3.25406337094145,0.11486886262756592,,,,161803,random
bqrf8nn7,https://wandb.ai/vanzl3386-chinese-university-of-hong-kong-shenzhen/flow-grpo-algo/runs/bqrf8nn7,9,9,0,,9,restore_random_seed_314159,42,320,True,True,True,0.0006178002075415399,0.001858145968180251,0.0002280073528229749,3.007681035871637,0.12270691147384437,,,,314159,random
bqrf8nn7,https://wandb.ai/vanzl3386-chinese-university-of-hong-kong-shenzhen/flow-grpo-algo/runs/bqrf8nn7,9,9,0,,9,restore_random_seed_271828,42,320,True,True,True,0.0006178002075474742,0.0019086125761011315,0.00023119392011298876,3.0893686223866577,0.12113192745762276,,,,271828,random
bqrf8nn7,https://wandb.ai/vanzl3386-chinese-university-of-hong-kong-shenzhen/flow-grpo-algo/runs/bqrf8nn7,9,9,0,,9,restore_random_seed_161803,42,320,True,True,True,0.0006178002075479294,0.0019039914900155154,0.0002240903682615023,3.0818887186401636,0.11769504718725197,,,,161803,random
bqrf8nn7,https://wandb.ai/vanzl3386-chinese-university-of-hong-kong-shenzhen/flow-grpo-algo/runs/bqrf8nn7,10,10,0,,10,restore_random_seed_314159,42,320,True,True,True,0.000649746984724059,0.0021239061394764487,0.0002563409941184245,3.2688203091522623,0.12069318382478689,,,,314159,random
bqrf8nn7,https://wandb.ai/vanzl3386-chinese-university-of-hong-kong-shenzhen/flow-grpo-algo/runs/bqrf8nn7,10,10,0,,10,restore_random_seed_271828,42,320,True,True,True,0.0006497469847263611,0.0021914497636637957,0.00025355516872304355,3.3727740415551413,0.11570202197979432,,,,271828,random
bqrf8nn7,https://wandb.ai/vanzl3386-chinese-university-of-hong-kong-shenzhen/flow-grpo-algo/runs/bqrf8nn7,10,10,0,,10,restore_random_seed_161803,42,320,True,True,True,0.0006497469847255716,0.002121684032367628,0.00024111281007266274,3.2654003515903143,0.11364218535575267,,,,161803,random
bqrf8nn7,https://wandb.ai/vanzl3386-chinese-university-of-hong-kong-shenzhen/flow-grpo-algo/runs/bqrf8nn7,11,11,0,,11,restore_random_seed_314159,42,320,True,True,True,0.0005500092638895963,0.001772966229202761,0.00020567855738834028,3.2235206670239824,0.11600816417176006,,,,314159,random
bqrf8nn7,https://wandb.ai/vanzl3386-chinese-university-of-hong-kong-shenzhen/flow-grpo-algo/runs/bqrf8nn7,11,11,0,,11,restore_random_seed_271828,42,320,True,True,True,0.0005500092638762364,0.0018308271544654486,0.00021203860343886483,3.3287205774727155,0.11581574094621416,,,,271828,random
bqrf8nn7,https://wandb.ai/vanzl3386-chinese-university-of-hong-kong-shenzhen/flow-grpo-algo/runs/bqrf8nn7,11,11,0,,11,restore_random_seed_161803,42,320,True,True,True,0.0005500092638899052,0.0018064773992050801,0.00020825825701843628,3.2844490407832128,0.11528417521862049,,,,161803,random
bqrf8nn7,https://wandb.ai/vanzl3386-chinese-university-of-hong-kong-shenzhen/flow-grpo-algo/runs/bqrf8nn7,12,12,0,,12,restore_random_seed_314159,42,320,True,True,True,0.0005485459547744636,0.0016368197092783772,0.00020071941283932178,2.9839244917071,0.12262768568922763,,,,314159,random
bqrf8nn7,https://wandb.ai/vanzl3386-chinese-university-of-hong-kong-shenzhen/flow-grpo-algo/runs/bqrf8nn7,12,12,0,,12,restore_random_seed_271828,42,320,True,True,True,0.0005485459547587159,0.00176101066602598,0.0002087951852519097,3.2103247699649526,0.11856554266255044,,,,271828,random
bqrf8nn7,https://wandb.ai/vanzl3386-chinese-university-of-hong-kong-shenzhen/flow-grpo-algo/runs/bqrf8nn7,12,12,0,,12,restore_random_seed_161803,42,320,True,True,True,0.0005485459547728467,0.001668775101196298,0.00020252906861565335,3.0421792133848458,0.12136390845624791,,,,161803,random
bqrf8nn7,https://wandb.ai/vanzl3386-chinese-university-of-hong-kong-shenzhen/flow-grpo-algo/runs/bqrf8nn7,13,13,0,,13,restore_random_seed_314159,42,320,True,True,True,0.0005459656142069179,0.001616019453371437,0.00019165841568307405,2.9599289979441354,0.11859907706137122,,,,314159,random
bqrf8nn7,https://wandb.ai/vanzl3386-chinese-university-of-hong-kong-shenzhen/flow-grpo-algo/runs/bqrf8nn7,13,13,0,,13,restore_random_seed_271828,42,320,True,True,True,0.0005459656142102055,0.0017012316675471737,0.00020187407757024967,3.116005153562972,0.11866348447493373,,,,271828,random
bqrf8nn7,https://wandb.ai/vanzl3386-chinese-university-of-hong-kong-shenzhen/flow-grpo-algo/runs/bqrf8nn7,13,13,0,,13,restore_random_seed_161803,42,320,True,True,True,0.0005459656142014172,0.0016546118513272798,0.00019165745013607972,3.0306154971819557,0.11583227207174776,,,,161803,random
bqrf8nn7,https://wandb.ai/vanzl3386-chinese-university-of-hong-kong-shenzhen/flow-grpo-algo/runs/bqrf8nn7,14,14,0,,14,restore_random_seed_314159,42,320,True,True,True,0.0005629208802088472,0.0016253371484889836,0.00019384393415986103,2.887327874364819,0.11926383048592142,,,,314159,random
bqrf8nn7,https://wandb.ai/vanzl3386-chinese-university-of-hong-kong-shenzhen/flow-grpo-algo/runs/bqrf8nn7,14,14,0,,14,restore_random_seed_271828,42,320,True,True,True,0.0005629208801967859,0.0016780186428919281,0.00019800230897487034,2.980913840512234,0.11799768126153207,,,,271828,random
bqrf8nn7,https://wandb.ai/vanzl3386-chinese-university-of-hong-kong-shenzhen/flow-grpo-algo/runs/bqrf8nn7,14,14,0,,14,restore_random_seed_161803,42,320,True,True,True,0.0005629208802017591,0.0016514391684372056,0.00019373238098420825,2.9336967707527664,0.11731124263423012,,,,161803,random
bqrf8nn7,https://wandb.ai/vanzl3386-chinese-university-of-hong-kong-shenzhen/flow-grpo-algo/runs/bqrf8nn7,15,15,0,,15,restore_random_seed_314159,42,320,True,True,True,0.0005271562335269532,0.0016587680355384681,0.00018998917525662998,3.1466345839077636,0.11453631320726278,,,,314159,random
bqrf8nn7,https://wandb.ai/vanzl3386-chinese-university-of-hong-kong-shenzhen/flow-grpo-algo/runs/bqrf8nn7,15,15,0,,15,restore_random_seed_271828,42,320,True,True,True,0.0005271562335260781,0.001727268029230819,0.00019725301521558394,3.276577074081724,0.1141994246853651,,,,271828,random
bqrf8nn7,https://wandb.ai/vanzl3386-chinese-university-of-hong-kong-shenzhen/flow-grpo-algo/runs/bqrf8nn7,15,15,0,,15,restore_random_seed_161803,42,320,True,True,True,0.0005271562335198057,0.0017174166073814542,0.00019592064726297603,3.2578892141980704,0.11407869611887375,,,,161803,random
bqrf8nn7,https://wandb.ai/vanzl3386-chinese-university-of-hong-kong-shenzhen/flow-grpo-algo/runs/bqrf8nn7,16,16,0,,16,restore_random_seed_314159,42,320,True,True,True,0.0004964025506034083,0.0014786548778951308,0.00017403657546156962,2.9787414994095687,0.11769925360088837,,,,314159,random
bqrf8nn7,https://wandb.ai/vanzl3386-chinese-university-of-hong-kong-shenzhen/flow-grpo-algo/runs/bqrf8nn7,16,16,0,,16,restore_random_seed_271828,42,320,True,True,True,0.0004964025505974154,0.001546712768633524,0.00017924348678969638,3.115843717507235,0.11588673115309756,,,,271828,random
bqrf8nn7,https://wandb.ai/vanzl3386-chinese-university-of-hong-kong-shenzhen/flow-grpo-algo/runs/bqrf8nn7,16,16,0,,16,restore_random_seed_161803,42,320,True,True,True,0.0004964025506053111,0.0014863440655908157,0.0001753482286339604,2.9942313224989965,0.11797283865378788,,,,161803,random
bqrf8nn7,https://wandb.ai/vanzl3386-chinese-university-of-hong-kong-shenzhen/flow-grpo-algo/runs/bqrf8nn7,17,17,0,,17,restore_random_seed_314159,42,320,True,True,True,0.00047162635320757533,0.001481727951332449,0.00017316729514986988,3.1417412136855316,0.11686848115009817,,,,314159,random
bqrf8nn7,https://wandb.ai/vanzl3386-chinese-university-of-hong-kong-shenzhen/flow-grpo-algo/runs/bqrf8nn7,17,17,0,,17,restore_random_seed_271828,42,320,True,True,True,0.00047162635321426296,0.0015153892784844846,0.00017155719069072688,3.2131140852428857,0.1132099805155665,,,,271828,random
bqrf8nn7,https://wandb.ai/vanzl3386-chinese-university-of-hong-kong-shenzhen/flow-grpo-algo/runs/bqrf8nn7,17,17,0,,17,restore_random_seed_161803,42,320,True,True,True,0.00047162635320734407,0.001454381392750242,0.00016917091478104628,3.083757688389485,0.11631812372210242,,,,161803,random
bqrf8nn7,https://wandb.ai/vanzl3386-chinese-university-of-hong-kong-shenzhen/flow-grpo-algo/runs/bqrf8nn7,18,18,0,,18,restore_random_seed_314159,42,320,True,True,True,0.00045843778650567874,0.0014241976765909377,0.0001605714220231943,3.106632390507138,0.11274517903129125,,,,314159,random
bqrf8nn7,https://wandb.ai/vanzl3386-chinese-university-of-hong-kong-shenzhen/flow-grpo-algo/runs/bqrf8nn7,18,18,0,,18,restore_random_seed_271828,42,320,True,True,True,0.00045843778650335616,0.0014534704978884203,0.00016467958307514436,3.1704858122068864,0.11330094646873697,,,,271828,random
bqrf8nn7,https://wandb.ai/vanzl3386-chinese-university-of-hong-kong-shenzhen/flow-grpo-algo/runs/bqrf8nn7,18,18,0,,18,restore_random_seed_161803,42,320,True,True,True,0.00045843778652194833,0.0014418371366999507,0.00016473078022197988,3.1451097162797264,0.1142506154329001,,,,161803,random
bqrf8nn7,https://wandb.ai/vanzl3386-chinese-university-of-hong-kong-shenzhen/flow-grpo-algo/runs/bqrf8nn7,19,19,0,,19,restore_random_seed_314159,42,320,True,True,True,0.0004551392934640723,0.0013786791524842451,0.00016083656420283666,3.029136733045166,0.11665989430029815,,,,314159,random
bqrf8nn7,https://wandb.ai/vanzl3386-chinese-university-of-hong-kong-shenzhen/flow-grpo-algo/runs/bqrf8nn7,19,19,0,,19,restore_random_seed_271828,42,320,True,True,True,0.00045513929345635207,0.001449872253442159,0.00016857915412339303,3.185557200372114,0.11627172926660763,,,,271828,random
bqrf8nn7,https://wandb.ai/vanzl3386-chinese-university-of-hong-kong-shenzhen/flow-grpo-algo/runs/bqrf8nn7,19,19,0,,19,restore_random_seed_161803,42,320,True,True,True,0.0004551392934531931,0.001392685957625255,0.00016157518705507335,3.059911498870576,0.11601695713984511,,,,161803,random
